name,en_name,weak,resist,source,confidence
黑刀刺客,Black Knife Assassin,打击/斩击,圣/突刺,https://eldenring.wiki.gg/wiki/Nightreign:Black_Knife_Assassin,high
红狼,Red Wolf of the King Consort,斩击,魔,https://eldenring.wiki.gg/wiki/Nightreign:Red_Wolf_Of_The_King_Consort,high
狮子混种,Leonine Misbegotten,火/斩击,,https://eldenring.wiki.gg/wiki/Nightreign:Leonine_Misbegotten,high
老狮子,Elder Lion,火/斩击,,https://eldenring.wiki.gg/wiki/Nightreign:Elder_Lion,high
王室幽魂,Royal Revenant,斩击,圣,https://eldenring.wiki.gg/wiki/Nightreign:Royal_Revenant,high
黑夜骑兵,Night's Cavalry,突刺/雷,魔/火/圣,https://eldenring.wiki.gg/wiki/Nightreign:Night%27s_Cavalry,high
接肢,Grafted Scion,斩击,,https://eldenring.wiki.gg/wiki/Nightreign:Grafted_Scion,high
亚人女王,Demi-Human Queen,火/斩击,,https://eldenring.wiki.gg/wiki/Nightreign:Demi-Human_Queen,high
大树守卫,Tree Sentinel,雷,火/圣/斩击,https://eldenring.wiki.gg/wiki/Nightreign:Tree_Sentinel,high
大树骑兵,Tree Sentinel,雷,火/圣/斩击,https://eldenring.wiki.gg/wiki/Nightreign:Tree_Sentinel,high
龙装骑兵,Draconic Tree Sentinel,打击/突刺,火/雷/斩击,https://eldenring.wiki.gg/wiki/Nightreign:Draconic_Tree_Sentinel,high
铃珠猎人,Bell Bearing Hunter,突刺/雷,魔/火/圣,https://eldenring.wiki.gg/wiki/Nightreign:Bell_Bearing_Hunter,high
女王&剑圣,Demi-Human Queen and Demi-Human Swordmaster,火/斩击,,https://eldenring.wiki.gg/wiki/Nightreign:Demi-Human_Swordmaster,high
战地老将,Battlefield Commander,突刺,斩击/发狂/即死,https://eldenring.wiki.gg/wiki/Nightreign:Battlefield_Commander,high
贪食魔龙,Gaping Dragon,雷/火,,https://eldenring.wiki.gg/wiki/Nightreign:Gaping_Dragon,high
接肢君王,Grafted Monarch,打击/斩击/突刺,圣,https://eldenring.wiki.gg/wiki/Nightreign:Grafted_Monarch,high
熔铁恶魔,Smelter Demon,打击,火,https://eldenring.wiki.gg/wiki/Nightreign:Smelter_Demon,high
唤声船,Tibia Mariner,圣/打击,雷/突刺,https://eldenring.wiki.gg/wiki/Nightreign:Tibia_Mariner,high
弗雷迪亚,The Duke's Dear Freja,打击/斩击,魔/雷/圣,https://eldenring.wiki.gg/wiki/Nightreign:The_Duke%27s_Dear_Freja,high
腐烂树灵,Ulcerated Tree Spirit,火,圣,https://eldenring.wiki.gg/wiki/Nightreign:Ulcerated_Tree_Spirit,high
树灵,Ulcerated Tree Spirit,火,圣,https://eldenring.wiki.gg/wiki/Nightreign:Ulcerated_Tree_Spirit,medium
石像鬼,Valiant Gargoyle,打击,火/雷/圣,https://eldenring.wiki.gg/wiki/Nightreign:Valiant_Gargoyle,high
蚯蚓脸,Wormface,斩击,圣,https://eldenring.wiki.gg/wiki/Nightreign:Wormface,high
恶兆妖鬼,Fell Omen,斩击,圣,https://eldenring.wiki.gg/wiki/Nightreign:Fell_Omen,high
古龙,Ancient Dragon,突刺,雷,https://eldenring.wiki.gg/wiki/Nightreign:Ancient_Dragon,high
剑盾熔炉,Crucible Knight,火/雷,魔/圣,https://eldenring.wiki.gg/wiki/Nightreign:Crucible_Knight,high
树熔炉,Crucible Knight (Erdtree variant),火/雷,魔/圣,https://eldenring.wiki.gg/wiki/Nightreign:Crucible_Knight,low
河马,Golden Hippopotamus,火/雷/打击,睡眠/发狂/出血,https://eldenring.wiki.gg/wiki/Golden_Hippopotamus,medium
熔炉&河马,Crucible Knight and Golden Hippopotamus,火/雷,魔/圣/睡眠,https://eldenring.wiki.gg/wiki/Nightreign:Crucible_Knight,medium
舞娘,Dancer of the Boreal Valley,圣,,https://eldenring.wiki.gg/wiki/Nightreign:Dancer_Of_The_Boreal_Valley,high
神皮贵族,Godskin Noble,斩击,火/圣/打击,https://eldenring.wiki.gg/wiki/Nightreign:Godskin_Noble,high
神皮使徒,Godskin Apostle,斩击,火/圣,https://eldenring.wiki.gg/wiki/Nightreign:Godskin_Apostle,high
双神皮,Godskin Duo (Godskin Apostle and Godskin Noble),斩击,火/圣,https://eldenring.wiki.gg/wiki/Nightreign:Godskin_Apostle,high
无名王者,Nameless King,圣,雷/毒/睡眠,https://eldenring.wiki.gg/wiki/Nightreign:Nameless_King,high
死鸟,Death Rite Bird,圣/打击,雷/突刺,https://eldenring.wiki.gg/wiki/Nightreign:Death_Rite_Bird,high
偏地老将,Outland Commander,突刺,斩击/发狂/即死,https://eldenring.wiki.gg/wiki/Nightreign:Outland_Commander,high
土龙,Magma Wyrm,打击/突刺,火,https://eldenring.wiki.gg/wiki/Nightreign:Magma_Wyrm,high
大土龙,Great Wyrm,打击/突刺,火,https://eldenring.wiki.gg/wiki/Nightreign:Great_Wyrm,high
萨米尔,Ancient Heroes of Zamor,火/雷,冻伤/发狂/即死,https://eldenring.wiki.gg/wiki/Ancient_Hero_of_Zamor,medium
米兰达花,Miranda Blossom,火,,https://eldenring.wiki.gg/wiki/Miranda_Flowers,medium
碎身巨鳄,"Adel, Baron of Night",毒,雷/发狂/即死,"https://eldenring.wiki.gg/wiki/Nightreign:Adel,_Baron_of_Night",high
慧心虫,"Gnoster, Wisdom of Night (and Faurtis)",火/打击,发狂/即死,"https://eldenring.wiki.gg/wiki/Nightreign:Gnoster,_Wisdom_of_Night",high
平衡律法的魔物,"Libra, Creature of Night",圣/火/发狂,魔/睡眠/即死,"https://eldenring.wiki.gg/wiki/Nightreign:Libra,_Creature_of_Night",high
黑夜化形者,Heolstor the Nightlord (The Shape of Night),圣/火/雷,毒/出血/冻伤,https://eldenring.wiki.gg/wiki/Nightreign:Heolstor_the_Nightlord,high
三头野兽,"Gladius, Beast of Night",圣,火/发狂/即死,"https://eldenring.wiki.gg/wiki/Nightreign:Gladius,_Beast_of_Night",high
征兆,"Maris, Fathom of Night",雷/斩击,火/毒/出血,"https://eldenring.wiki.gg/wiki/Nightreign:Maris,_Fathom_of_Night",high
暗中飞驰的猎人,"Fulghor, Champion of Nightglow",雷,圣/发狂/即死,"https://eldenring.wiki.gg/wiki/Nightreign:Fulghor,_Champion_of_Nightglow",high
雾中裂缝,"Caligo, Miasma of Night",火/打击,魔/雷/圣,"https://eldenring.wiki.gg/wiki/Nightreign:Caligo,_Miasma_of_Night",high
安定者们,Weapon-Bequeathed Harmonia (The Balancers),睡眠/圣,发狂/即死,https://eldenring.wiki.gg/wiki/Nightreign:Weapon-Bequeathed_Harmonia,high
废弃物之王,Traitorous Straghess (Dreglord),圣/火,毒/腐败/发狂,https://eldenring.wiki.gg/wiki/Nightreign:Traitorous_Straghess,high
黑剑眷属,Black Blade Kindred,打击,圣/火/雷,https://eldenring.wiki.gg/wiki/Nightreign:Black_Blade_Kindred,high
罗蕾塔,Royal Carian Knight (Loretta),雷,魔/火,https://eldenring.wiki.gg/wiki/Royal_Carian_Knight,high
化身,Erdtree Avatar,火,圣,https://eldenring.wiki.gg/wiki/Erdtree_Avatar,medium
祖灵,Ancestor Spirit,火/圣,睡眠/发狂/即死,https://eldenring.wiki.gg/wiki/Ancestor_Spirit,medium
结晶人,Crystalian,打击,魔/火/雷,https://eldenring.wiki.gg/wiki/Nightreign:Crystalian,high
龙人士兵,Dragonkin Soldier (Nox Dragonkin Soldier),斩击,雷,https://eldenring.wiki.gg/wiki/Nightreign:Nox_Dragonkin_Soldier,high
龙装,Draconic Tree Sentinel,打击/突刺,火/雷/斩击,https://eldenring.wiki.gg/wiki/Nightreign:Draconic_Tree_Sentinel,medium
神兽舞狮,Divine Beast Dancing Lion,火/突刺,睡眠/发狂/雷,https://eldenring.wiki.gg/wiki/Divine_Beast_Dancing_Lion,medium
大红熊,Great Red Bear (Rugalea the Great Red Bear),火/斩击/睡眠,,https://eldenring.wiki.gg/wiki/Rugalea_the_Great_Red_Bear,medium
鲜血君王,"Mohg, Lord of Blood",,出血/圣,https://game8.co/games/Elden-Ring-Nightreign/archives/569703,medium
亚尔特留斯,Knight Artorias,,毒/出血,https://darksouls.fandom.com/wiki/Knight_Artorias,medium
百足恶魔,Centipede Demon,魔/雷,火/毒,https://darksouls.fandom.com/wiki/Centipede_Demon,medium
恶魔王子,Demon Prince,,火,https://darksouls.fandom.com/wiki/Demon_Prince,medium
兽人集团,Beastmen of Farum Azula,火/斩击,雷,https://eldenring.wiki.gg/wiki/Beastman_of_Farum_Azula/Boss_(Groveside_Cave),medium
飞龙,Flying Dragon,突刺/雷,,https://eldenring.wiki.gg/wiki/Dragon,medium
死骑士,Death Knights,,出血,https://eldenring.wiki.fextralife.com/Death+Knight,medium
咒剑士,Curseblade (with Divine Beast Warrior),睡眠,,https://www.keengamer.com/articles/guides/elden-ring-nightreign-dlc-all-new-bosses-and-how-to-defeat-them/,medium
